{
  "id": "achoodata",
  "title": "achoo_data",
  "version": "1.0.0",
  "manifest": "https://github.com/Achoobert/fvtt_mod/releases/latest/download/module.json",
  "download": "https://github.com/Achoobert/fvtt_mod/releases/download/1.0.0/module.zip",
  "compatibility": {
    "minimum": "12",
    "verified": "12"
  },
  "authors": [
    {
      "name": "Isaac",
      "email": "isaac@schubert.dev",
      "url": "isaacschubert.com",
      "discord": "achoobert",
      "flags": {}
    }
  ],
  "packs": [
    {
      "name": "coctables",
      "label": "CoC_Tables",
      "path": "packs/coctables",
      "type": "RollTable",
      "ownership": {
        "PLAYER": "OBSERVER",
        "ASSISTANT": "OWNER"
      },
      "system": "CoC7",
      "flags": {}
    }
  ]
}